<?xml version="1.0" encoding="UTF-8"?>
<project-private xmlns="http://www.netbeans.org/ns/project-private/1">
    <editor-bookmarks xmlns="http://www.netbeans.org/ns/editor-bookmarks/2" lastBookmarkId="0"/>
    <open-files xmlns="http://www.netbeans.org/ns/projectui-open-files/2">
        <group>
            <file>file:/C:/Users/lsosa/Desktop/Lab1/Lab1/src/bitacora.java</file>
            <file>file:/C:/Users/lsosa/Desktop/Lab1/Lab1/src/LABORATORIO1.java</file>
            <file>file:/C:/Users/lsosa/Desktop/Lab1/Lab1/src/LABORATORIOCOMPLETO.java</file>
            <file>file:/C:/Users/lsosa/Desktop/Lab1/Lab1/src/r_empleados.java</file>
        </group>
    </open-files>
</project-private>
